Workbook

Sheet Planilha2
A3: Rótulos de Linha | B3: Média de gap best bks | C3: Média de gap avg bks | D3: Média de gap best bhs | E3: Média de gap avg bhs | F3: Média de avgTime
A4: 0.995 | B4: 0.00010467786 | C4: 0.0020862484 | D4: -0.017956231 | E4: -0.01589227 | F4: 1.1131768
A5: 0.996 | B5: 5.6003584e-05 | C5: 0.0017517481 | D5: -0.018008205 | E5: -0.01624617 | F5: 1.3535342
A6: 0.997 | B6: 4.5093795e-05 | C6: 0.0014856341 | D6: -0.018018979 | E6: -0.016518728 | F6: 1.7852485
A7: 0.998 | B7: 0 | C7: 0.00059747724 | D7: -0.018065906 | E7: -0.017446407 | F7: 2.692523
A8: 0.999 | B8: 0 | C8: 0.00039568842 | D8: -0.018065906 | E8: -0.017653922 | F8: 5.3944736
A9: (vazio)
A10: Total Geral | B10: 4.1155048e-05 | C10: 0.0012633593 | D10: -0.018023045 | E10: -0.0167515 | F10: 2.4677912

Sheet Plan1
A1: alpha | B1: inst | C1: best | D1: avgCost | E1: avgTime | F1: bks | G1: bhs | H1: gap best bks | I1: gap avg bks | J1: gap best bhs | K1: gap avg bhs
A2: 0.995 | B2: P101_2_10_1 | C2: 328 | D2: 328 | E2: 2.1907058 | F2: =VLOOKUP(B2,bks!A:B,2,FALSE) -> 328 | G2: =VLOOKUP(B2,bhs!A:B,2,FALSE) -> 339 | H2: =1-F2/C2 -> 0 | I2: =1-F2/D2 -> 0 | J2: =1-G2/C2 -> -0.033536585 | K2: =1-G2/D2 -> -0.033536585
A3: 0.995 | B3: P101_2_10_2 | C3: 198 | D3: 198 | E3: 0.87342572 | F3: =VLOOKUP(B3,bks!A:B,2,FALSE) -> 198 | G3: =VLOOKUP(B3,bhs!A:B,2,FALSE) -> 208 | H3: =1-F3/C3 -> 0 | I3: =1-F3/D3 -> 0 | J3: =1-G3/C3 -> -0.050505051 | K3: =1-G3/D3 -> -0.050505051
A4: 0.995 | B4: P101_2_30_2 | C4: 334 | D4: 334.6 | E4: 0.90915776 | F4: =VLOOKUP(B4,bks!A:B,2,FALSE) -> 334 | G4: =VLOOKUP(B4,bhs!A:B,2,FALSE) -> 350 | H4: =1-F4/C4 -> 0 | I4: =1-F4/D4 -> 0.0017931859 | J4: =1-G4/C4 -> -0.047904192 | K4: =1-G4/D4 -> -0.046025105
A5: 0.995 | B5: P101_3_10_3 | C5: 519 | D5: 521 | E5: 3.9730169 | F5: =VLOOKUP(B5,bks!A:B,2,FALSE) -> 518 | G5: =VLOOKUP(B5,bhs!A:B,2,FALSE) -> 549 | H5: =1-F5/C5 -> 0.0019267823 | I5: =1-F5/D5 -> 0.0057581574 | J5: =1-G5/C5 -> -0.057803468 | K5: =1-G5/D5 -> -0.053742802
A6: 0.995 | B6: P101_3_10_4 | C6: 469 | D6: 472.4 | E6: 3.7252668 | F6: =VLOOKUP(B6,bks!A:B,2,FALSE) -> 469 | G6: =VLOOKUP(B6,bhs!A:B,2,FALSE) -> 499 | H6: =1-F6/C6 -> 0 | I6: =1-F6/D6 -> 0.0071972904 | J6: =1-G6/C6 -> -0.063965885 | K6: =1-G6/D6 -> -0.056308213
A7: 0.995 | B7: P101_3_30_1 | C7: 432 | D7: 434.8 | E7: 1.3507331 | F7: =VLOOKUP(B7,bks!A:B,2,FALSE) -> 432 | G7: =VLOOKUP(B7,bhs!A:B,2,FALSE) -> 453 | H7: =1-F7/C7 -> 0 | I7: =1-F7/D7 -> 0.0064397424 | J7: =1-G7/C7 -> -0.048611111 | K7: =1-G7/D7 -> -0.041858326
A8: 0.995 | B8: P101_3_30_4 | C8: 424 | D8: 425.8 | E8: 1.574294 | F8: =VLOOKUP(B8,bks!A:B,2,FALSE) -> 424 | G8: =VLOOKUP(B8,bhs!A:B,2,FALSE) -> 446 | H8: =1-F8/C8 -> 0 | I8: =1-F8/D8 -> 0.0042273368 | J8: =1-G8/C8 -> -0.051886792 | K8: =1-G8/D8 -> -0.047440113
A9: 0.995 | B9: P101_3_51_1 | C9: 495 | D9: 499.8 | E9: 1.7093328 | F9: =VLOOKUP(B9,bks!A:B,2,FALSE) -> 495 | G9: =VLOOKUP(B9,bhs!A:B,2,FALSE) -> 510 | H9: =1-F9/C9 -> 0 | I9: =1-F9/D9 -> 0.0096038415 | J9: =1-G9/C9 -> -0.03030303 | K9: =1-G9/D9 -> -0.020408163
A10: 0.995 | B10: P101_3_51_2 | C10: 465 | D10: 466.6 | E10: 1.4952656 | F10: =VLOOKUP(B10,bks!A:B,2,FALSE) -> 465 | G10: =VLOOKUP(B10,bhs!A:B,2,FALSE) -> 487 | H10: =1-F10/C10 -> 0 | I10: =1-F10/D10 -> 0.0034290613 | J10: =1-G10/C10 -> -0.047311828 | K10: =1-G10/D10 -> -0.043720532
A11: 0.995 | B11: P101_3_51_4 | C11: 543 | D11: 546.2 | E11: 1.6116651 | F11: =VLOOKUP(B11,bks!A:B,2,FALSE) -> 542 | G11: =VLOOKUP(B11,bhs!A:B,2,FALSE) -> 561 | H11: =1-F11/C11 -> 0.0018416206 | I11: =1-F11/D11 -> 0.007689491 | J11: =1-G11/C11 -> -0.033149171 | K11: =1-G11/D11 -> -0.027096302
A12: 0.995 | B12: P101_4_30_3 | C12: 615 | D12: 620 | E12: 2.2221521 | F12: =VLOOKUP(B12,bks!A:B,2,FALSE) -> 615 | G12: =VLOOKUP(B12,bhs!A:B,2,FALSE) -> 640 | H12: =1-F12/C12 -> 0 | I12: =1-F12/D12 -> 0.0080645161 | J12: =1-G12/C12 -> -0.040650407 | K12: =1-G12/D12 -> -0.032258065
A13: 0.995 | B13: P101_4_51_3 | C13: 638 | D13: 648.4 | E13: 2.1593761 | F13: =VLOOKUP(B13,bks!A:B,2,FALSE) -> 638 | G13: =VLOOKUP(B13,bhs!A:B,2,FALSE) -> 662 | H13: =1-F13/C13 -> 0 | I13: =1-F13/D13 -> 0.016039482 | J13: =1-G13/C13 -> -0.037617555 | K13: =1-G13/D13 -> -0.020974707
... A181: 0.999 | B181: P60_9_30_2 | C181: 614 | D181: 614 | E181: 2.4394512 | F181: =VLOOKUP(B181,bks!A:B,2,FALSE) -> 614 | G181: =VLOOKUP(B181,bhs!A:B,2,FALSE) -> 627 | H181: =1-F181/C181 -> 0 | I181: =1-F181/D181 -> 0 | J181: =1-G181/C181 -> -0.021172638 | K181: =1-G181/D181 -> -0.021172638

Sheet bks
A1: inst_name | B1: 0
A2: P101_2_10_1 | B2: 328
A3: P101_2_10_2 | B3: 198
A4: P101_2_30_2 | B4: 334
A5: P101_3_10_3 | B5: 518
A6: P101_3_10_4 | B6: 469
A7: P101_3_30_1 | B7: 432
A8: P101_3_30_4 | B8: 424
A9: P101_3_51_1 | B9: 495
A10: P101_3_51_2 | B10: 465
A11: P101_3_51_4 | B11: 542
A12: P101_4_30_3 | B12: 615
... A288: P76_5_38_4_2 | B288: 528

Sheet bhs
A1: P101_2_10_1 | B1: 339
A2: P101_2_10_2 | B2: 208
A3: P101_2_30_2 | B3: 350
A4: P101_3_10_3 | B4: 549
A5: P101_3_10_4 | B5: 499
A6: P101_3_30_1 | B6: 453
A7: P101_3_30_4 | B7: 446
A8: P101_3_51_1 | B8: 510
A9: P101_3_51_2 | B9: 487
A10: P101_3_51_4 | B10: 561
A11: P101_4_30_3 | B11: 640
A12: P101_4_51_3 | B12: 662
... A36: P60_9_30_2 | B36: 627
